Review Date,Airline,Verified,Type of Traveller,Month Flown,Route,Class,Seat Comfort,Staff Service,Food & Beverages,Inflight Entertainment,Value For Money,Overall Rating,Recommended,Cleaned_Reviews
14-07-2019,Singapore Airlines,True,Solo Leisure,Jul-19,Zurich to Singapore,Economy Class,3,2,1,5,4,7,yes,bangkok singapore originally booked onto later flight operated b777 offered earlier option checked rather early ended flying b787 didnt first class business economy food quite good choice prawn noodle omelette beef sausage chose latter ife decent seen better one airline cabin cool enough felt bit stuffy
13-07-2019,Singapore Airlines,True,Couple Leisure,Jul-19,Paris to Singapore,Business Class,3,4,4,4,4,8,yes,zurich singapore overall good flight overall impression pretty good crew polite seemed disorganized quality food reasonable ordered via book cook main meal served lukewarm meat dry hard husband offered dessert ask seat okbut quite hard opinion control seat always respond
11-07-2019,Singapore Airlines,True,Couple Leisure,Jul-19,Johannesburg to Singapore,Economy Class,4,5,5,5,3,7,yes,paris singapore cabin sia a380 look little shabby old especially cushion cover may need refurbishment aircraft still service another decade
09-07-2019,Singapore Airlines,True,Family Leisure,Jul-19,Mumbai to Singapore,Business Class,5,1,2,4,1,1,no,flew johannesburg singapore sq479 july 7th business class experienced worst arrogant crew ever travelled wife 2 daughter 2 4 year old assigned seat 19f 20d f seat closed would preferred sit one row asked check seated one row either 19 20 told u fully business class leave note check gate passenger window seat want move ok u faster u ok upon closing door saw seat 20k free asked flight attendant wife move 19f sit one row said cockpit seat need check pilot upon departure came back told u pilot want change seat 19f 21k really pilot used seat 30 minute want move one row back let family 2 kid sit one row maybe sq need inform pilot paying high salary
04-07-2019,Singapore Airlines,True,Solo Leisure,Jul-19,Bangkok to Singapore,Economy Class,3,2,2,5,5,9,yes,mumbai singapore one best inflight service experienced inflight staff highlight entire experience warm courteous always ready smile lovely people helping serving around
04-07-2019,Singapore Airlines,False,Family Leisure,Jul-19,Singapore to Zurich,Economy Class,4,5,5,5,4,7,yes,bangkok singapore looking forward flying singapore airline new b78710 set expectation level qatar airway seeing fact 5star airline mind would firstly like say impressed singapore airline quite inconsistent across category website userfriendly encounter glitch online check slightly confusing able manage arrived bangkok airport 315 hour flight check counter opened 245 hour flight extremely confusing line passenger separate business gold different line end quickly checked gold counter luckily time day security immigration moved quickly silverkris lounge bangkok word exquisite decor fancy manned bar barista making craft drink sort coffee seat plenty clean even toilet cleaned every use breakfast buffet slightly disappointing come expect airline boarding extremely confusing asked gold member queue business class sign asks queue economy door board business class passenger first gold member make mess star alliance carrier board gold business time hassle free received warm welcome door found seat flight attendant even kind enough help mum lift suitcase overhead compartment would never expect flight attendant blue seat word horrible narrow qatar airway also 333 seating 787s wasnt narrow im slightly large even rather small mum sat shouldertoshoulder passenger window seat legroom fine dont get aircraft small seat deployed flight far brisbane 8 hour hop however bad seat overshadowed service outbound flight bangkok chose seafood meal got thing get time flying star alliance bangkok mixed grilled seafood served tomato pea duchess potato catering provided thai airway even thai airway logo needless say nice return flight coming around drink lovely flight attendant noticed checking white wine bottle see love way asked wanted sauvignon blanc rather thanwhite wine crew singapore airline fantastic hardworking entertainment adequate wouldnt bored even longest flight return flight checked 7 hour departure time wanted explore jewel absolutely recommended gold lounge terminal 2 absolute disappointment even thai airway lounge t1 better flight almost identical except strong turbulence overall singapore airline good choice improve seat value star gold would returning customer
04-07-2019,Singapore Airlines,True,Couple Leisure,Jun-19,Singapore to Tokyo,Premium Economy,2,5,3,5,1,3,no,singapore zurich disappointing flight probably worst crew ever inattentive hard get attention attendant button seat completely useless reaction crew whatsoever 2 drink 12 hour flight wasnt asked drink meal meal unfortunately didnt save day either time queue lavatory layout plane pe horrible 2 lavatory used economy well lavatory situation economy much better nobody surely queue 11 lavatory according seat map didnt help family two toddler cry baby sitting row positive side headphone even replace headphone straightaway entertainment system avoid booking premium economy singapore air better deal economy business course another weird point economy class disembarking premium economy another novelty much better premium economy product
30-06-2019,Singapore Airlines,True,Business,Jun-19,Singapore to Sydney,Economy Class,4,5,1,5,3,6,yes,singapore tokyo airline seems gone costcutting mode sevenhour flight one meal served premium fullservice airline thing disappointing competition route provides better catering option seat average economy class seat crew polite professional overall sq standard seem declining
30-06-2019,Singapore Airlines,True,Solo Leisure,Jun-19,Singapore to Hong Kong,Economy Class,2,1,4,5,5,10,yes,singapore sydney foolishly left video gaming device seat next mine found reached hotel panicked called ground handler singapore airline never got via phone number provided website even 22 time however called singapore airline krisflyer hotline sweetest lady reassured told would log request check aircraft item kind tone understanding nature really helped soothe nerve gave peace mind half way trip got news item found could collect leaving sydney much strive less careless glad could count customeroriented culture allround excellence efficiency sq team displayed time slip big thank everyone customer service team ground handler reuniting lost item
29-06-2019,Singapore Airlines,False,Family Leisure,Jun-19,Sydney to Rome via Singapore,Economy Class,1,4,5,5,5,10,yes,singapore hong kong flight attendant really helpful throughout whole flight although full flight flight attendant paid lot attention detail serve passenger one flight attendant helped find way keep hand carry item passenger somewhere flight packed available space item kept updated item item fragile mom told felt sia kept standard last time flown sia 16 year ago overall pleasant enjoyable flight
26-06-2019,Singapore Airlines,True,Solo Leisure,Jun-19,Sydney to London via Singapore,Business Class,1,1,4,4,1,1,no,sydney rome via singapore first time travelling business seat literally located within 50cm toilet rear business class long flight toilet continually use business class also economy class kept awake believe seat offered business class given location would rather spent flight economy class rather next toilet
26-06-2019,Singapore Airlines,True,Solo Leisure,Jun-19,Singapore to Manila,Economy Class,4,3,5,4,5,10,yes,sydney london via singapore fantastic service food delicious indian vegetarian meal great improvement last time old a380 ’ best comfortable new one uncomfortable cramped seat sleep wide old one also sure problem cabin air every time ’ new plane ’ smell toilet arrived feeling though ’ flown 10000 mile
23-06-2019,Singapore Airlines,False,Business,Jun-19,London to Singapore,Economy Class,4,5,4,5,1,1,no,singapore manila old plane dirty interior cushion depressed left sitting hard bench entertainment system rarely work crew dont care anything poorer route use older plane mean often break leaving stranded really poor value money definitely quality airline past
21-06-2019,Singapore Airlines,True,Family Leisure,Jun-19,Tokyo to Sydney via Singapore,Economy Class,4,1,4,5,2,1,no,flight sq 317 london heathrow airport singapore changi airport 13th june 2019 singaporean utterly disappointed disgraced service standard sq crew take first meal served stewardess briskly shoved u meal tray asked want beverage meal replied choice beverage coffee simply walked away acknowledging request without saying anything thought maybe didnt coffee tray went get never returned appalled next snack time different stewardess came snack tray ask would like snack sister hungry saw menu sandwich wrap available snack menu requested sandwichwrap stewardess reply brusque dont ill check walked away without coming back ever happened friendly sq crew shocked attitude shocked seems sq crew short term memory loss twice come back left hanging
18-06-2019,Singapore Airlines,True,Family Leisure,Jun-19,London to Melbourne via Singapore,Economy Class,1,3,4,5,5,8,yes,highly recommend singapore crew biggest asset airline highly professional also friendly personable crew flight went way help u son got blood nose upon landing ensuring wellbeing helping u even passenger disembarked customer service outstanding ’ fly airline
18-06-2019,Singapore Airlines,True,Family Leisure,Jun-19,London to Auckland via Singapore,Business Class,5,5,2,5,2,3,no,london melbourne via singapore average best check baggage drop hassle free lounge ’ great selection food gold velocity member third family member travelling different star alliance flight refused entry despite gold membership allowing guest travelling business class met 3 staff member stuck gun lounge quiet assured would fill never use airline
15-06-2019,Singapore Airlines,True,Family Leisure,Dec-18,Melbourne to Wellington,Economy Class,1,5,4,5,4,9,yes,london auckland via singapore great experience sia better food thought going brilliant friendly cabin crew choose fly time never disappointed comfortable economy class great entertainment system latest movie etc would definitely recommend
12-06-2019,Singapore Airlines,True,Solo Leisure,Jun-19,Brisbane to Amsterdam via Singapore,Business Class,3,5,2,5,5,7,yes,melbourne wellington flight early morning flight arriving wellington afternoon time hotel checkins shorthaul international flight serf one round meal 4 option main available went cheese omelette great cabin service exceptional usual however aircraft dated especially seat seat 222 configuration best singapore airline business class seat okay shorthaul flight turn flatangled bed there lot leg space decent width inflight entertainment technology dated content good term library variety definitely best melbournewellington offering compared narrowbodied aircraft qantas virgin australia air new zealand best sq offering
06-06-2019,Singapore Airlines,True,Solo Leisure,May-19,Singapore to Amsterdam,Economy Class,5,1,4,5,5,10,yes,brisbane amsterdam via singapore used almost airline company operating australia europe opinion singapore airline best flight great service food great professional staff fly singapore airline anytime recommend
03-06-2019,Singapore Airlines,True,Solo Leisure,Jun-19,Christchurch to Singapore,Economy Class,1,5,5,3,5,8,yes,singapore amsterdam sure rave service flight relative singapore airline flight taken stewardess got side step seat shut overhead locker without warning yes may economy let know seat average one next found flight fairly comfortable able get hour sleep food also quite good stewardess forgot give bread roll butter remind despite small hiccup service flight good economy class standard fly singapore airline
03-06-2019,Singapore Airlines,True,Couple Leisure,May-19,Perth to Singapore,Premium Economy,2,4,1,4,2,5,no,disappointment christchurch singapore seat 33h 33k sinchc 32d 32e premium economy really looking forward new a359 taking old 777 christchurch singapore route choice premium economy unfortunately bean counter seem designed cabin configuration 2x4x2 — one seat less economy — compared 2x3x2 lufthansa premium economy type aircraft enjoyed next leg trip europe lavatory size small cupboard space get stretch leg cabin unlike earlier aircraft going ok two seat window others pointed central armrest padded seatbelt contains airbag intrude space inflight food service fine memorable coming back overnight stuck middle seat lot worse space feel tight menu choice available got beef mince good asked egg breakfast got yam cake gentleman two seat along turned overhead lamp 300 used reading lamp eyeshade earplug provided asked still got sleep screen didnt work two passenger front u flight ended diverted fog adding six hour nine hour flight course sia ’ fault whole experience tiring one thing electronic checkin changi confusing everyone ask step next much clearer flown sia 35 year feel trading past good reputation really need lift game premium economy sia really ’ worth extra cost ’ feel special ’ probably look air nz another airline next time
03-06-2019,Singapore Airlines,True,Solo Leisure,Jun-19,London to Singapore,Economy Class,5,5,4,3,5,10,yes,perth singapore older airbus seat ok decent leg space happy shopping selection jun aug sulwhasoo selection onboard expanded food decent served real cutlery opposed cheap plastic cutlery cardboard container economy class flight service great 5 hour flight singapore airline economy class good value
01-06-2019,Singapore Airlines,True,Business,May-19,Singapore to Bangkok,Premium Economy,5,5,2,3,2,4,no,london singapore first flight singapore airline premium economy disappointment little differentiate little space ordered via book cook nice feature although meal delivered first asking drink told wait asked long would told 2 min suggested drink plastic cup water given cheap nasty especially considering drink boarding predinner 15 min later drink arrived time meal cold request reheated another wait red wine awful throughout flight curtain economy remained open didnt make feel extra expensive brought benefit seat comfortable ife poor watched content pc fa polite really interested 380 interior felt old indeed first impression budget airline poor value
31-05-2019,Singapore Airlines,True,Solo Leisure,May-19,Hong Kong to Singapore,Economy Class,4,5,5,4,2,6,no,singapore bangkok food standard dropped drastically crew mixed bag attendant friendly helpful like purser supervisor one attendant went way offered move seat next cry baby family empty cluster 3 seat 10 row back takeoff kind however attendant grumpy zero manner seat feel exactly 10 row 777300 cathay fairly acceptable someone height 5 ’ 2 could uncomfortable anyone bigger longer flight food terrible fish overcooked dessert rubbery brought dinner instead consolation singapore sling bailey consumed diluted ice cube hot towel takeoff rarity economy airline flight entertainment excellent always lot music movie distracted lousy food however price paid ’ rather go thai airway way better food consistent service check staff rude asked pay 200 take earlier flight singapore arrived checkin desk 3 hour beforehand 4hour layover coming domestic flight
30-05-2019,Singapore Airlines,True,Business,May-19,Singapore to San Francisco,Economy Class,3,5,5,4,1,1,no,hong kong singapore flight without exception worst flight ive ever cabin crew seemed going platitude service forgetting actually deliver case asked bottle water instead breakfast stewardess disappeared meal served expecting someone would drop water meal service declined little cup offered meal service mistake gave 3 hour later couldnt wait get flight get bottle water im fairly low maintenance passenger im someone keep badgering cabin crew service basic like difficult drop bottle water someone return flight booked singapore honest id switched jetstar flight time work next time wont pay double price flight singapore expecting service might well use jetstar
29-05-2019,Singapore Airlines,True,Family Leisure,May-19,Auckland to Zurich via Singapore,Economy Class,4,5,4,5,5,10,yes,singapore san francisco experienced horrible chest pain flight mr arfat attentive helping get back normal whole staff great
27-05-2019,Singapore Airlines,True,Family Leisure,Aug-18,Osaka to Singapore,Economy Class,5,3,4,5,5,10,yes,auckland zurich via singapore return flew 19 month old boy ’ first flight quite picky choosing right airline ’ long journey little boy like say singapore airline best friendly staff child friendly alway willing go extra mile help passenger ’ five star experience fly anytime recommend everyone
26-05-2019,Singapore Airlines,True,Couple Leisure,May-19,Singapore to Male,Economy Class,4,1,3,2,3,5,no,osaka singapore hot drink served received meal asked hot drink told u come later never came finished meal already started serving ice cream ’ finish meal time tea never came seems like everything rush cold drink finished yet whole tray collected standard dropped drastically year choose sq singaporean airline much better sq
26-05-2019,Singapore Airlines,False,Couple Leisure,May-19,Singapore to London Heathrow,Economy Class,4,4,5,4,2,3,no,singapore male used good air hostess rude unhelpful food shocking consideration people allergy special dietary requirement flight entertainment disappointing hardly tv show one two major movie available 8 hour flight ’ recommend singapore airline ’ waste time going lounge probably best feature legroom seat
22-05-2019,Singapore Airlines,True,Couple Leisure,May-19,London to Sydney via Singapore,Economy Class,3,5,5,1,2,6,yes,singapore london heathrow singapore airline ordered gluten free meal good however 135 hour flight fruit given complained 9 hour two main meal fruit enough hypoglycaemic need form carbohydrate nothing told need bring snack everyone else option sandwich muffin none available gluten free good enough
20-05-2019,Singapore Airlines,True,Solo Leisure,May-19,Ho Chi Minh City to Brisbane via Singapore,Economy Class,5,1,3,5,3,7,yes,fly sydney periodically given previous experience preferred airline singapore airline previous experience always excellent time unfortunately found service level dropped young steward stewardess dashing past repeatedly darkened aisle brushing people waking followed minor glance backwards apology apart sensed general decline standard many smile rushing work seems like chore past sense pleasure help still better many airline level used would add food keep kosher diet served sydney lewis continental kitchen poor
14-05-2019,Singapore Airlines,False,Couple Leisure,May-19,London to Singapore,Business Class,5,4,5,4,3,7,no,first time ever flown sq business class looking forward review seem largely positive upon checking went lounge underwhelmed airline 4 flight per day food selection 5pm limited even champagne offered upon boarding aircraft seemed tired dated menu ok pre ordered book cook would disappointed menu selection average like economy offering seat widest seat ever complaint however inflight entertainment left lot desired old technology easy use mattress provided even fitting bed lie flat amenity kit provided service crew outstanding feel sq trading premium reputation past need improve quite bit compete like middle eastern carrier much better round product would fly hurry
13-05-2019,Singapore Airlines,True,Business,May-19,New York to Singapore,Premium Economy,4,3,1,4,1,1,no,london singapore horrible first time experience oversell flight bump premium economy never offered rebook next day work business trip would expect first time customer react
09-05-2019,Singapore Airlines,True,Couple Leisure,May-19,Manila to Singapore,Economy Class,2,5,1,5,1,2,no,new york singapore purchased extra legroom seat 120 per personper flight worst seat ever yes get lot legroom lose window window seat told go onto site book sleep light never fully go right bathroom plus bathroom light shining face one ever close door listen nonstop clicking bathroom door legroom people use space stand stretch leg monitored flight attendant section cry baby actual section baby storage space put stuff overhead bin stow tv takeoff landing good hour sitting everyone else watching tv ’ believe paid 500 terrible seat known would kept cattle seat stretched leg way bathroom personally think get discount sitting seat
06-05-2019,Singapore Airlines,True,Couple Leisure,May-19,Singapore to Perth,Business Class,3,5,4,4,5,10,yes,singapore airline lived incredible reputation flight attendant especially purser fun interact throughout flight beef rendang choice delicious wine champagne served truly inflight dining best inflight entertainment quite selection current movie plenty option keep entertained staying overnight aerotel purser gave u water slipper u journey although cabin pretty full cabin crew made u feel like private jet id highly recommend singapore airline based experience
05-05-2019,Singapore Airlines,True,Solo Leisure,May-19,Amsterdam to Singapore,Economy Class,5,5,5,4,5,8,yes,singapore perth seat comfortable economy class slight recline decent menu asian western selection design plane strange entire plane us small group toilet right middle plane never heard many flush 5 hour good service fly different seat
02-05-2019,Singapore Airlines,True,Solo Leisure,May-19,Singapore to Perth,Economy Class,5,5,4,3,5,7,yes,amsterdam singapore good service decent food economy class air stewardess patient provided great service even though request nearly every hour first half 13 hour flight paid extra legroom seat disappointed find charging point located seat next seat 2nd exit row next window better sit right front
01-05-2019,Singapore Airlines,True,Solo Leisure,Mar-19,Singapore to Melbourne,Economy Class,3,4,5,5,1,1,no,believe flight exact opposite last flight sia went philippine see daughter absolutely dreadful typical red eye flight im least 90 sure sia reduced leg pitch aircraft granted 194cms tall help situation still number thing wrong flight gent front decided wanted recline seat back full extent taxi ignored cabin crew stayed like remainder flight perth served meal cabin crew tray table firmly poking chest single word said gentleman front staff thank god landed perth time felt like unravel body get plane passenger question asked move seat upright ten minute prior landing perth airport fairness prior writing written email concern airline met dont care kind convoluted reply probably somebody know nothing aircraft returning cebu see daughter least two time year definitely flying sia revoke krisflyer membership well flown budget airline better buyer beware would recommend
30-04-2019,Singapore Airlines,True,Solo Leisure,Apr-19,Singapore to Manila,Premium Economy,5,4,5,1,4,8,yes,singapore melbourne everything expected term priority check priority baggage seating service food etc staff seemed bit jaded flight 30 minute late leaving arriving
25-04-2019,Singapore Airlines,True,Solo Leisure,Apr-19,Singapore to Shanghai,Business Class,1,5,5,5,1,1,no,booked business class flight singapore manila boeing 787 expecting lieflat seat upon boarding informed aircraft change old a330 plane without lieflat seat seat uncomfortable worth business class ticket plane probably decade old inflight entertainment likewise outdated even touchscreen lobster thermidor salty rice asparagus overcooked book singapore airline business class worth
22-04-2019,Singapore Airlines,True,Family Leisure,Apr-19,Copenhagen to Singapore,Business Class,5,4,4,4,2,5,yes,son flew business class singapore shanghai april business lounge changi ok nothing write home ordered book cook option one chicken brest one steak dish upon boarding greeted cheerful crew flight manager already knew name without looking list seat incredibly widebut quite hard opinion tail bone tell immediately injured ski accident cant sit regular economy seat 2 hour bit disappointed aeroflot business seat moscow shanghai much softer pampering take went bathroom upon return found satay dish awaiting enjoyed chicken stick service almost 45 min without one cabin staff sight slowly magic excitement wearing eventually one showed asked didnt like said liked chicken offered nice gesture declined maybe 15 passenger business classthat believe fit 5060 passenger tough flight crew came green salad averageand book cook meal showed good like drink main meal glass almost empty lasted salad satay time refresh glassbut offer buzzed cabin crewand asked another glass drink kept enjoying meal awaiting drink never showed buzzed crew againand time flight manager showed asked drink possible meal dessert coke showed 5 second came dessert dish ice cream choice fruit basket basic desert cart ever saw point already regretting huge amount money invested trying experience top notch business class wanted restbut crew must turn seat upside weird ideaand even thin mattress far pampering bedif feel like sitting againyou call fa flip seatpersonaly prefer control lying situation rather calling fa amenity kit distributed heard pas choice amenity may find necessary trip basket offered 14 yo son told meal still felt hungry called flight attendant seemed amused statement said take care brought small pack nut much generosity aeroflot upon hearing son still hungry growing boy brought pasta casserole business class free wifi business class great idea arrived shanghai wondering singapore airline heard much really felt disappointment nothing really bad ordinary trip
20-04-2019,Singapore Airlines,True,Couple Leisure,Apr-19,Singapore to Colombo,Economy Class,4,5,4,2,5,10,yes,copenhagen singapore best airline travel especially long haul flight good entertainment good hospitality nice selection food drink snack crew polite full smile definitely fly singapore airline
16-04-2019,Singapore Airlines,True,Family Leisure,Apr-19,Hanoi to Cape Town via Singapore,Economy Class,5,2,4,3,1,4,no,shockingly rude staff flown singapore child fondest memory paid double tour group opted singapore low cost asian airline totally regretted staff rude child food awful drink offered except one meal total waste thousand dollar group outstanding experience low cost carrier
16-04-2019,Singapore Airlines,True,Couple Leisure,Mar-19,Frankfurt to Singapore,Economy Class,3,2,5,4,1,2,no,hanoi cape town via singapore dissapointed way thing handled 3 march 2019 flight unable board flight let singapore airline know via email also tried calling unable get wait monday anyone help got charged new flight 584 due missing flight day prior even though notified airline 6 hour flight going miss due visa approval arriving time paid amount along penalty missing previous flight left difficult financial situation im impressed
10-04-2019,Singapore Airlines,False,Family Leisure,Feb-19,Singapore to Hong Kong,Business Class,5,5,5,4,4,10,yes,frankfurt singapore flown couple time singapore airline last two year every time perfect experience due staff service offered plane dedicated hardworking attendant airline singapore airline well quality food offered business class flight great experience always last flight also happy service checkin perfectly smooth efficient
07-04-2019,Singapore Airlines,True,Family Leisure,Mar-19,Singapore to London,Economy Class,5,5,5,5,3,9,yes,singapore hong kong singapore airline usually family airline choice great service seat special assistance travel wheelchair yamaha motor battery checking going hong kong leaving took due staff unfamiliar chair check staff going pas information gate agent asked question landed hong kong wheelchair bit damage settled ground staff upon return told wait somewhere wheelchair turned baggage reclaim flight good despite issue ground wouldnt blame singapore airline cabin pressure a350 minimal compared aircraft need special assistance traveling would recommend flying singapore airline
06-04-2019,Singapore Airlines,True,Family Leisure,Apr-19,London to Perth via Singapore,Economy Class,4,4,3,4,3,5,no,wife flew heathrow singapore return never flown aircraft cold even coat using blanket provided freezing also food provided amongst worst aircraft ’ shame seat fine aircrew fantastic also delay checkout singapore airport must best around
05-04-2019,Singapore Airlines,True,Family Leisure,Jan-19,Manila to Dubai via Singapore,Economy Class,3,5,3,4,3,1,no,london perth via singapore flown singapore sure would helpful accomodating flew 5 month old visit family christmas checked pram car seat paying wrapped airport arranged bassinet seat flight arranged problem however around hour flight aware baby needed changed went queue toilet 6 people ahead queue baby began scream ’ sure discomfort passenger aware decided try find another bathroom smaller queue one queue change table business class approached one cabin staff asked going said “ sorry baby screaming need change ” said “ ’ use toilet go back ” explained queue situation ’ budge go queue child screaming passenger glaring arrived perth airport annoyed find pram broken despite wrapped broken wrapping footrest hanging despite fact 5 month checked airline policy stated covered certain amount emailed within 48 hour relevant form photo damage boarding pass purchase receipt responded day unprofessional email basically requesting information already sent sent twice sent another badly worded email asking drop somewhere assessment point back taped pram two week responded explaining ’ pram ’ drop done everything asked never heard anything back disappointed annoyed way treated flight way complaint dealt would never fly singapore airline shame flown twice previously without infant positive experience
05-04-2019,Singapore Airlines,True,Solo Leisure,Mar-19,Singapore to Los Angeles via Tokyo,Economy Class,4,5,5,3,5,10,yes,manila dubai via singapore flight better compared dxbmnl experience crew genuinely friendly greeting talking smile offered beverage option several time food ok though still looking forward ife great option save playlist seat comfortable fan 333 seat configuration able select window seat last row mid section 2 seat big plus factor overall experience singapore changi airport
03-04-2019,Singapore Airlines,True,Family Leisure,Jan-19,Los Angeles to Mumbai via Singapore,Economy Class,3,5,5,4,5,9,yes,singapore los angeles via tokyo vv sq012 sq011 flight operated boeing 777300er trip check quite fast efficient staff helpful cabin crew kind helpful entertainment system good content responsive touch screen food good overall pleasant experience
02-04-2019,Singapore Airlines,True,Couple Leisure,Mar-19,Melbourne to Beijing via Singapore,Premium Economy,1,4,5,4,5,10,yes,would like express gratitude superb service received recent flight los angeles mumbai via singapore two seasoned traveller accustomed longhaul route a350 superb bird said service provided four leg singapore airline exceptional beginning end ground airborne staff extremely professional yet fun friendly accommodating passenger need cabin crew particular looked u long sq37 flight lax sin 14032019 provided beyond exceptional service actively consistently attending passenger request well checking happy well looked appeared whole duration flight 17 hour satisfying reassuring see dedication particular team duty well clear love job great ambassador well regarded airline sq simply couldnt hoped enjoyable journey clear u singapore airline deserves world best airline truly looking forward next singapore airline journey hope take place near future new experience air travel opened new fascinating window holiday
30-03-2019,Singapore Airlines,True,Business,Mar-19,Singapore to Manila,Economy Class,5,4,4,3,3,5,yes,melbourne beijing via singapore long journey go collect baggage send plane travel baggage claim division beijing airport inform baggage arrived next available flight destination another city want get domestic flight go hotel yuan 150 taxi advised collect baggage airport arrives till offer yuan 400 around 90 aud cover damage include buying temporary clothes thanks letting longstanding singapore traveller
27-03-2019,Singapore Airlines,True,Business,Mar-19,Singapore to Perth,Economy Class,5,4,5,5,5,10,yes,singapore manila automated checkin quite efficient service usual exceptional crew attentive need passenger great ambiance inside aircraft food great
25-03-2019,Singapore Airlines,False,Couple Leisure,Mar-19,Singapore to Sydney,Economy Class,4,5,3,5,5,9,yes,singapore perth singapore airline boeing 78710 first class plane come excellent attentive service cabin crew modern kris entertainment system food acceptable fantastic suggest provide headset rather earpiece variety hopeless
25-03-2019,Singapore Airlines,True,Couple Leisure,Mar-19,Singapore to London Heathrow,Economy Class,5,5,5,4,5,9,yes,singapore sydney comfortable flight aircraft full excellent cabin staff amazing inflight entertainment option food however major disappointment ordered fish dill sauce apart mashed potato flavourless pizza snack served landing terrible stodgy wine option either poor white even rougher red cant understand singapore get everything else right food wrong
19-03-2019,Singapore Airlines,False,Solo Leisure,Mar-19,Singapore to Manila,Business Class,3,5,5,5,2,5,yes,singapore london heathrow holiday new zealand february march year decided upgrade flight four leg journey business class three part journey enjoyable service food good even though didnt receive book cook meal id ordered sadly last leg singapore london flight sq322 found a380800 found business class section cramped lack storage space well designed new plane starting show sign wear tear first problem width seat lot narrower seat business class heard lady behind complaining stewardess hard seat replied bmw designed thought comfortable sport car good 1315 hour flight sitting lying nearly time however cushion made comfortable nothing done make seat wider high wide plastic infill seat window made feel cramped could see useful purpose lack storage space problem didnt want put carry bag overhead locker could difficult noisy access night flight unlike plane small recess area could put bag floor within seating area aisle still clear stewardess put floor bed couldnt access without grovelling floor made bed tried sleep placed handbag top large fairly useless plastic infill flight think result turbulence bag fell head wasnt impressed time later see funny side seat bed narrow turned kept hitting head also quite difficult get ive difficulty business class flight design space attractiveness much better singapore airline business class cabin know passenger group flying business flight unhappy queuing leave plane end flight man average height regular weight said thing waste space refering plastic infill seat window agree senior stewardess told airline planning convert plane design thanks warning fly australia next year look new provider cant take risk paying business class fare placed 380800
15-03-2019,Singapore Airlines,True,Business,Mar-19,Tokyo to Singapore,Economy Class,5,3,1,5,1,1,no,singapore manila overall bad cabin experience 24 feb 2019 sq917 krisworld entire cabin 26 feb 2019 sq916 krisworld still reflected feedback couple day ago return leg manila 28 feb 2019 sq917 krisworld still steward impatient passenger front asked status disappointed feedback last flight journey wasnt considered 03 mar 2019 sq5254 preferred meal forgotten listed preferred meal preference 10 mar 2019 sq957 lead steward conveniently forgot request end get meal board
15-03-2019,Singapore Airlines,True,Solo Leisure,Aug-18,London to Singapore,Business Class,5,3,2,2,4,8,yes,tokyo singapore business seat singapore airline big first class one turn bed amazing good sleep seat fell asleep right take woke breakfast food really good entertainment good amazing
13-03-2019,Singapore Airlines,True,Couple Leisure,Feb-19,Perth to Singapore,Business Class,5,5,1,4,5,10,yes,london singapore singapore airline book cook service business class excellent wish airline offered prebooking main meal lobster thermidor delicious cheese board well presented apricot pumpkin puree scallop divine cabin crew welcoming friendly well trained attentive efficient quiet charm glide cabin great flight managed least 6 hour shuteye landing
11-03-2019,Singapore Airlines,True,Business,Mar-19,Dubai to Manila via Singapore,Economy Class,4,5,2,5,2,3,no,perth singapore dirty tray table bad cabin crew poor special meal day flight window shade empty seat cabin crew bothered pull couple passenger went front cabin crew started blankly didnt anything remaining blind way perth singapore given dessert despite special meal return flight steward proceeded pas retracted arm back saw special meal explanation given vegetarian meal well consistency worst thing explanation walked away
11-03-2019,Singapore Airlines,False,Solo Leisure,Feb-19,Mumbai to Singapore via Melbourne,Economy Class,5,5,3,5,5,8,yes,dubai manila via singapore first time fly sq high expectation based review award however experience mixed food ife great amazing cabin crew always smiling although sometimes felt mechanical simple kit also provided dxbsin b777300er great however sinmnl aircraft old didnt even bother using ife food served clearly advised one option spicy liked food however overheard another passenger doesnt like spicy food said wished told spicy interesting encounter cabin crew first cabin crew used index finger give instruction instead open palmhand another cabin crew beverage serving gave remaining orange juice choice make although minor hiccup one funny incident cheering silently cabin crew one adult passenger father another young adult passenger kept answering opposite row behalf son every time cabin crew would ask son thus making bit minor noisedisturbance cabin crew reminded adult passenger son old enough answer simple question fierce liked thats im raising overall experience score 8
10-03-2019,Singapore Airlines,True,Family Leisure,Feb-19,Mumbai to Singapore,Economy Class,5,5,2,5,1,2,no,5th experience singapore airline different 4 mumbai singapore flight delayed 56 hour eventually 2nd flight singapore melbourne got delayed however 89 hour made stay ramada singapore lunch made available u dinner compromised terrible stay food hotel overall would rate journey pleasant one
04-03-2019,Singapore Airlines,True,Couple Leisure,Feb-19,Singapore to Perth,Business Class,4,5,2,4,5,10,yes,first time wife flew singapore airline wonderful experience checkin deplaning everything went smoothly time cabin crew superb service attentive food delicious cabin attractive clean including bathroom flew united singapore san francisco singapore vacation flight way near good singapore airline start flying direct seattle singapore nonstop september 2019 definitely use visit singapore p flew united frequent flyer mile india singapore seattle via san francisco singapore airline far best
03-03-2019,Singapore Airlines,True,Family Leisure,Mar-19,Amsterdam to Singapore,Business Class,1,3,4,4,3,8,yes,older plane business class seat 2x2x2 wifi board however seat comfortable good recline bad short flight singapore perth meal fantastic especially booked cook assam fish one best ever entertainment selection decent inflight shopping selection wide best service impeccable
03-03-2019,Singapore Airlines,True,Family Leisure,Mar-19,Singapore to London Heathrow,Business Class,5,5,2,5,4,10,yes,amsterdam singapore singapore airline best service wide selection inflight shopping food fantastic satay appetizer close get satay stall without charcoal good range new movie new month best thing am sg skybed gave u decent sleep ahead arriving sg unfortunately limited stock sake one none left wifi good available 30mb get chewed quickly nevertheless fantastic airline definitely fly airline choice
03-03-2019,Singapore Airlines,True,Couple Leisure,Feb-19,Melbourne to Hanoi via Singapore,Economy Class,5,5,1,5,4,8,yes,flew singapore airline singapore london heathrow cabin crew flight worked tirelessly keep passenger comfortable smart professional extremely personable id liked warmer board still feeling cold even jacket plane seems bit tired couple screen working head rest wouldnt stay would like see considerably less plastic used
02-03-2019,Singapore Airlines,True,Business,Feb-19,Singapore to Sydney,Economy Class,5,1,2,4,4,5,no,singapore hanoi although service great found amount plastic wasted horrifying everything wrapped plastic even plastic cup put water contained plastic cup wouldnt fly singapore
28-02-2019,Singapore Airlines,True,Business,Feb-19,London to Singapore,Economy Class,5,3,5,3,4,9,yes,singapore airline impressed singaporesydney route first time evident morning flight much better night time flight sq 211 departed great lunch served followed multiple drink round mini pizza prior landing compare well red eye sq221 231 staff quite courteous exception one cabin crew member rest extremely pleasant specially leading crew charge particularly friendly flight landed ahead schedule couldnt fault service
28-02-2019,Singapore Airlines,True,Solo Leisure,Jan-19,San Francisco to Bangalore via Singapore,Business Class,4,1,4,4,4,9,yes,london singapore easy boarding punctual push back arrival latest seat – loved wrapround screen seat almost like airline first class steward put bed found rather hard sleeping ife really 5 standard food service excellent throughout overall high standard throughout
27-02-2019,Singapore Airlines,True,Solo Leisure,Jan-19,Singapore to Tokyo,Premium Economy,5,4,4,5,2,3,no,san francisco bangalore via singapore flown singapore airline past 20 year regularly considered loyal customer used care customer apparently named best airline world gone head think longer satisfy customer flew premium economy recently bangalore paid extra legroom seatthe flight ordinary expecting offer upgrade business class flight 50000 pt offer camei tried offer bid system didnt allow saw flight plenty seat empty business class sure dont want offer premium economy passenger upgrade business warning everyone travelling sfosome connection india short layoverless hour sa doesnt consideration landing minute late connecting flight within 30 minute shouldnt make passenger run one terminal another even using skytrain barely made gate closed bad knee remember go security singapore connecting flight rush terminal b c time even rush restroom let alone freshen returning bangalore 4 kg extra instead asking pay using krisflyer 50000 point singapore airline charged whole extra piece watch even 24 kg limit premium economy charge cost suitcase even asked pay upgrade bangalore said cant last minute using point check layover singapore 2 hour tried upgrade longer flight sin sfo said dont enough point offered pay point cashthey said cant didnt want business class even point cash wanted avoid paying extra weight fee would limit int business class example caring customer accommodating krisflyer member dont know cant charge per kg extra weight instead additional piece luggage like airline flight food ordinary food quality declined sf singapore bathroom cleanliness way par like used changi airport exceptional course sure flying airline many carrier offer upgrade reasonable price cheaper ticket sure balance point 50000 point though sorry singapore airline lost loyal flyer flow long route 20 year
27-02-2019,Singapore Airlines,True,Couple Leisure,Jan-19,Bangkok to Dusseldorf via Singapore,Economy Class,2,4,5,3,5,10,yes,singapore tokyo flight fully packed still manage fly time reach slightly earlier scheduled flew friend took row seat accidentally spilled drink stewardess smiling help u clean mess also keep coming back u check seat dry giving u extra napkin later extra blanket telling u sit pleasant experience flight entertainment great plenty choice movie world one thing though found leg space slightly smaller usual sure winter clothing u seat space shrunk chose different meal tried others taste great
26-02-2019,Singapore Airlines,True,Solo Leisure,Feb-19,Los Angeles to Singapore,Economy Class,5,4,4,2,1,3,no,bangkok dusseldorf via singapore meal service sq flight bkk sin sindus requested hot tea lemon coke flight attendant pay attention gave salad sauce instead coke tea lemon hocked repeated request hot tea lemon coke flight attendant politely smiled skipped request dinner meal without dessert international flight sindus surprised dessert asked crew said dessert fruit snack service offered mini potato chip mini ice cream poor meal quality international flight singapore airline crew member attentive poor attention performed poor sloppy service poor wifi connection awful bad experience
26-02-2019,Singapore Airlines,True,Couple Leisure,Dec-18,Singapore to Nagoya,Premium Economy,4,5,5,5,1,1,no,los angeles singapore booked flight sin singapore airline economy class lax 112018 day departed received email encouraging u bid upgrade economy plus even indicated “ low ” bid less chance getting upgrade paid higher bid gave u “ fair ” chance shortly flight received email approved could book seat immediately went seat selection found 4 seat available none together even close called singapore airline said nothing available prior seat economy taken asked counter checked answer seat available 70 ’ sit row apart different side aircraft long flight one seat last row economy plus cramped difficult get use restroom suffered returned home found singapore airline would even give mile flight since initially booked economy requested money back felt taken deceived charge lack disclosure unacceptable poor quality service provided said “ ” term condition protect beware singapore airline offer may expect especially airline tout reputation extremely disappointed offer service response first last time fly
25-02-2019,Singapore Airlines,True,Solo Leisure,Dec-18,Tokyo Haneda to Singapore,Economy Class,2,5,1,5,4,9,yes,flew singapore airline boeing 78710 singapore nagoya checkin efficient boarding crew warm friendly greeting everyone smile aircraft comfortable seat welldesigned cabin also felt comfortable ife sqs newest product problem using responsive touchscreen also convenient aircraft left time air quickly cabin service conducted efficiently crew also warm sincere typical sqs high standard first cabin servicemostly drink light dimmed passenger could sleepit redeye flight crew attentive passenger request walking aisle every ensure comfortable around 2 hour landing breakfast served negative thing flight food really good opinion landing crew bade goodbye passenger smiling always throughout flight overall excellent flight would definitely fly
25-02-2019,Singapore Airlines,True,Solo Leisure,Dec-18,Singapore to Denpasar Bali,Economy Class,1,3,4,4,4,10,yes,flew singapore airline trip back japan a350900 experience really positive tokyo haneda check efficient despite full flight perhaps many wanted return home christmas boarding fast although managing could better witnessed passenger holding economy class ticket using business class queue despite inclement weather flight took quickly left tokyo flight smooth throughout aircraft wise a350 always comfortable aircraft exception product offered comfortable legroom good even economy class cabin crew also warm friendly attentive every passenger meal service concluded light dimmed allow passenger sleep night flight ife touchscreen like previous flight sq 787 responsive problem encountered downside sq implement tail camera broadcast ife pity considering a350 technology a350 user cathay pacific thai airway using important feature would really cool see picked japanese selection meal good arrived singapore early crew also friendly throughout flight even left personalized message passenger flight logbook really touching gesture showed much cared passenger overall would recommend sq although price might sometimes little higher worth paying get sq definitely one best come cabin service matching ana known exceptional cabin service
25-02-2019,Singapore Airlines,True,Family Leisure,Feb-19,Singapore to Amsterdam,Economy Class,1,3,2,5,4,8,yes,singapore denpasar bali early morning departure sin chinese new year pretty full flight security check less one hour departure told technical problem plane needed switch plane different gate amazingly entire flight delayed 1 hour given short notice feel pretty amazing flight a330 242 configuration usual opted 2 seat increasingly like seat slightly narrower b777 feel less cramped 3 seat option flight crew slightly less charming usual guess last minute change probably something still dealt politely demanding customer food reasonably good indonesian option ife standard a330 slightly dated slight downside toilet although clean obviously seen better day wear tear good economy experience guess additional cost flight opposed budget airline pay something wrong recovery really fast
25-02-2019,Singapore Airlines,True,Family Leisure,Feb-19,Singapore to New York,Business Class,4,2,3,4,4,9,yes,service unparalleled food good served proper plate real cutlery wide selection online shopping best thing flight sky bed chair unfolds flat bed gave son decent sleep plane leaf sg midnight arrives am around 615am even 12 hour flight seems like time wasted wifi available board requires payment complimentary allowance business class member suited text message run fast overall comfortable flight definitely fly
23-02-2019,Singapore Airlines,True,Couple Leisure,Feb-19,Perth to Singapore,Economy Class,3,5,4,4,5,9,yes,singapore new york entertainment centermovies superb although plug connection older voice low one time flight making loud bothering noise concerned especially take next flight delayed decided replace airplane appreciate put safety anything else food satisfying attendant smile worked fast getting customer need always ready answer call
22-02-2019,Singapore Airlines,False,Family Leisure,Feb-19,Singapore to Milan,Business Class,3,2,1,4,4,9,yes,perth singapore outstanding service flight shopping huge selection quality product book cook menu impressive lobster thermidor son steak cooked perfection selection beverage fantastic entertainment selection bad older plane unfortunately seat could lie flat son screen slightly damaged nevertheless seat still comfortable short flight perth singapore
17-02-2019,Singapore Airlines,True,Family Leisure,Feb-19,Melbourne to Jakarta via Singapore,Economy Class,2,5,5,5,5,9,yes,singapore milan singapore airline generally excellent airline great cabin crew great food seat comfortable 12hr 30min flight really changed way feel flying
14-02-2019,Singapore Airlines,True,Couple Leisure,Feb-19,Singapore to Denpasar,Economy Class,4,5,1,4,4,10,yes,melbourne jakarta via singapore wife flew singapore air first time impressed economy seat best ’ travel lot food beverage service good cabin crew efficient good selection inflight entertainment system highly recommended
12-02-2019,Singapore Airlines,True,Family Leisure,Feb-19,Kuala Lumpur to Cape Town via Singapore,Economy Class,3,1,5,4,4,8,yes,singapore denpasar experienced uniteds version b787 opportunity revisit experience sq instead short 25 hour flight initial entrance economy cabin certainly welcoming uniteds experience seated notice highdensity thin seat cushion give perceived legroom standard 32 pitch would suggest sq stayed 333 configuration seat width narrower comparable a330 b777 experience certainly felt case despite narrow armrest certainly aisle narrow aisle seat constantly jostled passenger assorted bag boarding process also found hard get comfortable thinner seat though less issue shorthaul flight ife class uniteds large vibrant touchscreen newest krisworld experience minus seat controller interaction via screen meal reasonably good outstanding service inbound flight sg warm friendly wish cabin seat space economy passenger could maintained given vast majority u travel way
10-02-2019,Singapore Airlines,True,Family Leisure,Feb-19,Cape Town to Singapore via Johannesburg,Economy Class,1,5,4,2,5,10,yes,kuala lumpur cape town via singapore usual famous top notch quality service efficiency crew attentive helpful upon boarding aircraft could already feel warmth hospitality food good ife fantastic cabin crew go around drink snack mid flight frequent every 20 min hardly seen major airline definitely worth price pay choose fly sia
10-02-2019,Singapore Airlines,True,Family Leisure,Feb-19,Wellington to Mumbai via Melbourne / Singapore,Economy Class,1,1,4,5,5,10,yes,cape town singapore via johannesburg friendly crew fantastic service flight 98 pax loading cabin crew really busy attending passenger need however remained professional attentive nice friendly new aircraft nice inflight entertainment system delicious food ample amenity toilet definitely fly
07-02-2019,Singapore Airlines,True,Solo Leisure,Jan-19,Singapore to Denpasar,Economy Class,4,5,1,5,3,8,yes,wellington mumbai via melbourne singapore say airline — always favourite always everything checkin boarding ife meal baggage – went smoothly cabin crew gracious usual would definitely recommend perk somewhat expensive ticket would definitely pay extra fly sq airline fly route singapore airline definitely work competitive pricing
07-02-2019,Singapore Airlines,True,Family Leisure,Feb-19,London to Bali via Singapore,Economy Class,4,2,4,4,3,3,no,singapore denpasar poor flight average food pillow available economy cabin old aircraft seat vertical position uncomfortable ground service unpolite
06-02-2019,Singapore Airlines,True,Couple Leisure,Oct-18,Singapore to Zurich,Economy Class,4,3,2,5,4,7,no,london bali via singapore flew australia singapore airline 5 year ago service world amazing flew last october bali back seems standard slipped seems lot male steward board seem give worse service female stewardess male steward seemed disorganised flustered abrupt compared female stewardess organised polite airline need standard procedure staff follow issue partner meal vegetarian nut free singapore airline less helpful served nut meat meal luckily didnt eat told cabin crew supposed served nut free vegetarian meal said never would promised thing didnt exist showed proof singapore airline email promising u nutfree vegetarian meal steward seemed disgruntled proved werent lying female stewardess found something partner could eat plus female member staff fab clean comfy aircraft pretty decent snack entertainment didnt pay sat together yet still leg journey im giving 7 journey okay wasnt amazing like last time flew
06-02-2019,Singapore Airlines,False,Solo Leisure,Jan-19,Rome to Singapore,Business Class,4,4,5,4,5,10,yes,singapore zurich operated a380 particular a380 6 year old old business class product seat wide widest business class seat airline sufficient squeeze 2 slim asian seat convert bed mode passenger pull seat back raise footrest footwell located one side passenger sleep diagonal fashion ordered lobster thermidor book cook delicious cabin crew friendly polite addressed passenger family name supper time sleep flight attendant deployed bed uninterrupted 7 hour sleep breakfast breakfast chose nasi briyani aromatic indian dish even cruising altitude flavour aroma dish well preserved highly recommend sia business class best category
04-02-2019,Singapore Airlines,False,Solo Leisure,Feb-19,Singapore to Hanoi,Business Class,5,3,3,4,4,10,yes,rome singapore first time a350 rather empty flight rome singapore business class featured new business class product button control decline seat however convert bed mode need flight attendant pull seat back upright position main bugbear business class seat amenity kit provided sq business class find toothbrush shaving kit comb moisturiser hand cream toilet eye mask sock slipper provided long haul flight route milanese osso bucco lunch main course delicious breakfast served 90 minute arrival singapore westerm option sausage mushroom omelette corn flake fruit singapore airline flight cabin crew polite gracious helpful able anticipate passenger ’ need singapore airline business class best category wifi available flight business class passenger first 30 mb free purchase additional mb depending need 200mb u 25 connection speed reasonably fast sufficient upload facebook photo
01-02-2019,Singapore Airlines,True,Couple Leisure,Jan-19,Singapore to Auckland,Economy Class,5,5,5,4,5,10,yes,singapore hanoi sure best flight ever starting food vegetetarians offered wide range delicious asian dish portion large got 2 starter one main 2 dessert plus snack 2 h 30min flight furthermore cabin crew outstandingly attentive polite friendly flight sq188 singapore hanoi 250119 thank crew pleasant experience
29-01-2019,Singapore Airlines,True,Business,Jan-19,Jakarta to London via Singapore,Economy Class,3,1,5,5,4,9,yes,travelled singapore auckland 1025pm flight service aboard flight excellent arrival auckland passenger disembark way mobile stair say advised mind step stepped onto swaying stairway due wind gust noticed one staff member help passenger felt small let due fact full flight however staff helping passenger absolutely amazing
29-01-2019,Singapore Airlines,True,Family Leisure,Aug-18,San Francisco to Dhaka via Singapore,Economy Class,5,5,5,5,5,10,yes,jakarta london via singapore absolutely top notch service fabulous food beverage choicescabin ambience look great ife world class seat comfortable spacious slept like baby still best airline long way
24-01-2019,Singapore Airlines,False,Family Leisure,Jan-19,Sydney to Singapore,Economy Class,3,4,4,5,2,2,no,san francisco dhaka via singapore poor online customer service hard time selecting seat online even though paid seat selection call customer service 7 time get seat even paying calling 7 time selected seat never showed itinerary booking making worry util check board plane
20-01-2019,Singapore Airlines,True,Solo Leisure,Jan-19,Newark to Singapore,Economy Class,5,5,5,5,5,10,yes,sydney singapore biggest standout important service staff excellent communication proactive thoughtful attentive need flight smooth pilot communication clear food excellent without flamboyant
18-01-2019,Singapore Airlines,True,Family Leisure,Dec-18,Paris to Brisbane via Singapore,Premium Economy,4,1,5,4,5,9,yes,apart mileage plus problem ife crew attitude food amazing mostly gave salmon seafood meal also willing answer curiosity laughter coming rear galley another problem encountered wifi pay however neither wifi mileage plus problem big problem encountered 2014 say quite big improvement service 2016 problem mileage plus wifi much smaller
18-01-2019,Singapore Airlines,True,Couple Leisure,Jan-19,Melbourne to Singapore,Premium Economy,1,2,5,4,1,3,no,paris brisbane via singapore spent extra go premium economy flight paris brisbane relatively enjoyable return staff serving aisle constantly forgot thing given half meal diet restriction forgot give rest realised woman across received full meal fa aisle asked fa rest said would check left proceeded serve rest side plane forgot entirely pressed service button came told bumped even asking needed anything reminded meal said gone ended economy meal choice partner numerous time requested drink remind woman 15 minute later nothing came top christmas partner purchased new suitcase return trip first time samsonite case arrived brisbane completely trashed plastic part around handle snapped dent large pierced plastic whole way zip doesnt even zip flush case longer contacted airline cover
16-01-2019,Singapore Airlines,True,Couple Leisure,Dec-18,Singapore to Stockholm via Moscow,Economy Class,3,3,5,5,2,6,yes,last time flew singapore airline two year ago really impressed excited travel boarded section efficiently warmly welcomed board seat smaller pitch tighter departed time soon airborne teen front reclined seat screen hand length away face shame expensive airline effectively negated positive flying yes still get hot refresher towel entertainment choice pretty good food okay nothing special adequate like beef seat 45 option left beef toilet kept clean arrived changi time however tight seat premium price issue divided whether ’ recommend ’ safe reliable ’ say yes however expect anything special
08-01-2019,Singapore Airlines,True,Solo Leisure,Feb-18,Singapore to Jakarta,Economy Class,1,5,4,4,2,1,no,singapore airline totally different airline taking route singapore stockholm via moscow air hostess usually service minded singapore airline thats used like exception flight russia air hostess mainly russian meet expectation eye usual level service defines airline furthermore exiting plane moscow prepare nightmare 1 long line consists passenger a350900 need line getting red stamp boarding pas stand second long line get green stamp boarding pas third line xray hand luggage could stand enough seat sit gate without restaurant café ever add misery since stupidly enough forgot boarding pas moscow plane stand fourth line obvious route failure always way cheap going dme singapore lhr fra cph avoid singapore airline flying stockholm moscow
01-01-2019,Singapore Airlines,True,Family Leisure,Dec-18,Singapore to Brisbane,Economy Class,4,3,4,3,5,6,yes,singapore jakarta 9 year since last took singapore airline online checkin process easy managed call hotline change seat get exit row parent done easily sq even bother send u sm warn u french strike blocking road go early airport subsequently good point find quality service onboard year ago food standard bland staff good hardskills though responsive efficient professional could better talk fast robotic gesture could smiling inbound leg ran one food option left u disappointed seat boeing 777300er larger comfortable compared premium airline outbound jakartasingapore leg asked u wanted take earlier flight could buffer time transiting singapore next flight paris much hurry good point good ground service experience onboard quite standard place experience par 4star airline emirate 5star qatar airway good value money though
29-12-2018,Singapore Airlines,True,Family Leisure,Dec-18,New York JFK to Frankfurt,Economy Class,4,5,5,5,3,6,no,singapore brisbane seems like service food getting worse slowly time upgraded business class 1200 brisbane singapore sq wanted 2200 singapore brisbane upgrade amazing difference sector
24-12-2018,Singapore Airlines,True,Solo Leisure,Dec-18,Singapore to Frankfurt,Economy Class,5,5,4,5,3,6,yes,overnight flight delayed takeoff due airport congestion brought inclement weather boarding large number passenger oversized aircraft impressively quick smooth flight attendant elegantly efficient female flight attendant strikingly lissome sitting configuration 343 seat comfortable given seat occupied cabin felt crowded lot film choice seatback personal entertainment system easy access ample overhead luggage space leg space bit tight seat reclination jut backseat tv screen rather close face tray table tummy fact flight attendant serving meal ensured passenger returned seat straight position dinner breakfast served multi page menu book provided two entree choice meal vegetarian choice shocking surprise chose fish dish amply portioned tasty breakfast cold sandwich dry virtually inedible predinner drink served plastic tumbler tray flight attendant carried juice beer white wine offer dinner breakfast cutlery metal plastic duty free catalog thick nothing distinctive product offer cockpit crew kept u informed flight take delay singapore airline consider impact environment relatively short overnight flight simplify breakfast dinner dispense paper menu basic amenity bag ensure vegetarian option standard bathroom clean throughout good option lufthansa united arrived less time somewhat bumpy flight
24-12-2018,Singapore Airlines,False,Solo Leisure,Dec-18,Singapore to London Heathrow,Economy Class,2,5,5,1,4,6,yes,usual good ground service changi airport aircraft upgraded 773er new class product service almost 14h flight good attentive staff seat comfortable thin padding little legroom ife good food average long flight 777 usual pretty noisy
23-12-2018,Singapore Airlines,True,Solo Leisure,Nov-18,Danang to Adelaide via Singapore,Premium Economy,4,4,4,5,4,9,yes,departing sinlhr redeye flight departing 1 mean group grumpy tired traveller took front row bulkhead seat pe boeing 777300er give quite lot legroom downside inflight entertainment ife system tucked away floor separate housing eschewed champagne dinner sleep still find sq pe seat stiff difficult recline really take quite lot effort force seat recline position nonetheless reasonable amount elbow space personal reading light noisecancelling earphone cubby hole give sense comfort ife new touchscreen system separate seat controller handset ife monitor refused come housing aircrew performed magic knife fork saved day food breakfast tried reasonably good crew proactive drink snack flight downside pe b777 series access shared toilet rear normal economy manage queue access best overall good experience especially pe pricing appears equivalent price competitor lufthansa
23-12-2018,Singapore Airlines,True,Couple Leisure,Dec-18,Zurich to Singapore,Economy Class,3,5,5,4,2,5,no,danang adelaide via singapore flight vietnam quite comfortable good service however return quite different bag severely damaged transit danang singapore given run around changi staff hope manage damage claim via email silk air flight code shared sq ticket average old plane meal looked awful service rushed impersonal singapore adelaide flight overnight sleep due extremely badly behaved child screamed whole time staff seemed oblivious intervened talk parent requested food served 5 hr flight despite fact everyone awake due screaming child drink trolley never bought snack service galley like flight disappointed food average service slow found insulting ife played video showing feature business class seat twice lovely reminder cattle class missing new a350 poor leg room person front reclined could bend leg keep straightened seat front ife average wouldnt go way fly singapore
23-12-2018,Singapore Airlines,True,Couple Leisure,Nov-18,Zürich to Singapore,Business Class,5,5,5,3,1,4,no,experience less convincing reservation line always busy take age get seat large comfortable sit sleep comfortable hard narrow footrest sleep diagonal position awkward could sleep whole flight food really bad tough meat overcooked bad taste worst food long time staff friendly efficient sometimes take age get water bread etc overall really disappointing experience pity used good year ago case chose
22-12-2018,Singapore Airlines,True,Couple Leisure,Nov-18,Copenhagen to Singapore,Business Class,3,5,5,4,1,4,no,flew singapore airline a380 business zürich singapore november 2018 really disappointment prior flight preordered cordon blue dinner bad although business section full flight attendant kept forgetting deliver drink dinner offered red white wine asked diet coke got lost completely ordered coffee gave coffee long finished dessert never delivered stirrer business seat extremely uncomfortable cushion hard covered thin layer leather cover even adding bedsheet wont help armrest piece small folding plastic couldnt rest arm comfortably reclined seat unable stretch leg due design leg room one curve hisher leg fit shape leg room extremely uncomfortable sleep like quality image sound entertainment average offered limited movie selection usually easy going airline dont like spend time write review however newly designed business seat singapore airline unacceptable singapore airline pay attention improve seat food service
21-12-2018,Singapore Airlines,True,Solo Leisure,Oct-18,Bangkok to Singapore,Economy Class,5,5,4,2,5,10,yes,excellent service way stavanger first sa copenhagen singapore singapore airline choose singapore airline entire trip stavanger singapore melbourne mildura melbourne perth back stavanger via singapore london heathrow mainly part star alliance group flight left time arrived earlier scheduled service excellent throughout particularly enjoyed trip copenhagen singapore met delightful young lady member cabin crew took time chat even though quite busy flown singapore airline several time
19-12-2018,Singapore Airlines,False,Family Leisure,Dec-18,Singapore to Bangkok,Economy Class,5,5,4,5,3,5,no,bangkok singapore among time flown singapore airline trip feel like singapore airline firstly slight delay ground staff provide information whatsoever bad start journey boarding plane could feel cabin crew lacked warmth hospitality shortly takeoff cabin crew came round serve child first came serve 8 year old sister meal however give two choice choose served sister chicken rice turn chicken rice spicy actually two choice beef stew chicken rice left wondering stop ask sister choice wanted ’ even tell chicken rice spicy cabin crew came round serve adult rushed make clear asked ‘ stew chicken rice ’ ’ bother tell u meat stew also offer drink ask service experienced far ‘ superior quality ’ singapore airline used offer understand need rush service little flight little two hour however mean treat passenger like disappointed singapore airline time round good point trip could fly new boeing 78710 improved amenity flight could recognised singapore airline
18-12-2018,Singapore Airlines,True,Family Leisure,Dec-18,Singapore to Newark,Economy Class,5,5,4,5,4,9,yes,flew singapore airline singapore bangkok seat comfortable legroom great cabin crew polite usual meal delicious nice offer ice cream dessert inflight entertainment also good could option even though flying one old a330s singapore airline experience amazing definitely would try
16-12-2018,Singapore Airlines,True,Family Leisure,Dec-18,Dubai to Singapore,Premium Economy,4,5,5,4,1,7,yes,singapore newark cabin crew attitude ife food amazing problem mileage plus cabin crew outbound flight ground staff newark barely knew anything asked outbound flight crew mileage plus told consult ground crew said airline member star alliance wasnt even sure mileage plus member flying singapore airline able access united lounge however tell mileage plus user inclusive upgrade gold accessing kris flyer lounge seemed thing knew mileage plus
14-12-2018,Singapore Airlines,True,Business,Dec-18,Barcelona to Manila via Milan / Singapore,Business Class,4,5,2,3,2,1,no,dubai singapore business class seated 12a cabin amazing nice facility good ambience cabin crew look nice however cabin crew robotic genuine care personal touch meal service one asking refill drink crew saw empty whisky glass expensive crew without anticipation passenger remember female crew asked help lay bed back landing asked carry service tray exchange helped lady seating behind lay bed back put blanket around side seat somehow blanket slapped head shocked seeing realized said sorry small detail reflected attention customer sq flight took different honestly speaking comfortable time feel consistency cabin crew really disappointed time worth elite member anymore
14-12-2018,Singapore Airlines,True,Business,Nov-18,Mumbai to Singapore via Sydney,Economy Class,4,5,4,5,5,10,yes,barcelona manila via milan singapore upon arrival milan new group cabin crew took new team exceptionally outstanding service beyond normal sq known asked cup coffee steward served small chocolate bar meal served apple fruit many minute later served potato chip additional food normal snack drink served cabin crew always visible throughout flight sq377 28 nov 2018 ’ like economy class served like business class
14-12-2018,Singapore Airlines,True,Family Leisure,Nov-18,Singapore to Zurich,Economy Class,5,5,5,4,1,1,no,mumbai singapore via sydney kid menu provided 25 year old said age mentioned book ticket gave instant noodle thing paying flight includes meal nonvegetarians child kid menu vegetarian option either
12-12-2018,Singapore Airlines,True,Business,Oct-18,Surabaya to Singapore,Business Class,5,5,4,4,5,10,yes,singapore zurich impressed amazing latest business class product super silent a380 seat incredible amount privacy plenty functionality storage option wonderfully setup selection movie extensive come big hd touchscreen food great service usual singapore airline phenomenal remain favourite airline particularly route put codeshare partner swiss big shame overall impeccable flight ground air
09-12-2018,Singapore Airlines,False,Business,Dec-18,Singapore to Johannesburg,Economy Class,2,5,4,4,1,1,no,surabaya singapore worst airline term punctuality frequent flier took flight pretty often premium airline like really premium singapore airline price higher airline flying route offering subpar performance well taking note “ getting ontime ” slogan obviously getting u ontime one worst airline come reliability accountability
09-12-2018,Singapore Airlines,True,Couple Leisure,Nov-18,Sydney to Singapore,Premium Economy,3,4,3,5,4,7,yes,singapore johannesburg check formality super efficient normal changi flight unsocial hour 0130 recently changed 0200 unfortunately scheduled time changed 30 minute late seems norm flight extra half hour sitting around time morning frustrating boarding started efficient premium economy cabin relatively spacious ample space storage seat comfortable pretake drink norm airline premium economy would welcome wait take drink served champagne offered tiny plastic faux wine glass drink also served plastic tumbler seem become progressively smaller due timing light snack offered although quick long wait coffee drink top offered table cleared dedicated premium economy crew service economy although singapore airline economy amongst best match premium economy service airline qantas overall comfort space excellent service level economy 4 premium economy flight trip curtain cabin left open
08-12-2018,Singapore Airlines,True,Solo Leisure,Nov-18,Dubai to Kuala Lumpur via Singapore,Economy Class,5,5,2,4,4,6,yes,sydney singapore sydney ground staff particularly efficient aircraft showing age perhaps upgrade required unsure timing flight duration however service lacked upbeat positive enthusiasm sia known smile limited must commend work senior flight steward took excellent care passenger came check every hour meal average necessarily best allow passenger know served special meal category entertainment system ’ respond either however overall flight okay however noted sia better service particularly sydsin sector
05-12-2018,Singapore Airlines,True,Couple Leisure,Nov-18,Singapore to Colombo,Economy Class,5,1,5,4,2,2,no,dubai kuala lumpur via singapore first last time use singapore airline flight delayed total 5 hour caused u miss next flight kuching addition food really worse never use singapore air anymore
04-12-2018,Singapore Airlines,True,Business,Nov-18,Sydney to Hong Kong via Singapore,Economy Class,5,4,4,4,5,8,yes,flew sq468 27th november singapore pleasantly surprised aircraft top notch condition food far best food ever tasted airline cabin crew extremely attentive courteous particularly mention look toddler well board load factor full however ’ challenge team drawback otherwise excellent flight fact entertainment system malfunctioned much ultimately gave went sleep
27-11-2018,Singapore Airlines,True,Solo Leisure,Nov-18,Seoul to Singapore,Economy Class,4,5,3,4,1,1,no,sydney hong kong via singapore service received sydney airport unprofessional ticket bought student ticket got 10kg baggage allowance however staff said baggage overload 43kg total understand baggage overloaded happy pay extra 3kg asked staff much pay extra kg answer aud270 chose repack baggage since think expensive expected repacked 1kg extra staff asked pay extra surprised since 1kg even though understand ground staff mostly outsourced representing sq expect professional service aircraft sin hkg old screen still squared format meal tasted bad well normally complain quality food long acceptable however think acceptable quality world 1 airline thirdly sure airline like however meal menu 3 course choose informed 2 course though seat a380 alright okay b777 since way old think staff sq friendly tell staff aisle tired job want serve really high expectation sq since ranked no1 airline however experience tell
25-11-2018,Singapore Airlines,True,Business,Jul-18,London Heathrow to Singapore,Business Class,5,2,4,5,5,9,yes,flew shorthaul flight seoul singapore a330 plane old 9 year already old fashioned seat flat bed old entertainment latter sole critical point experience compensated fantastic crew fantastic service airline ever beat singapore airline come onborad service attentive cabin crew friendly professional purser drink great meal fantastic come usual sate appetizer
24-11-2018,Singapore Airlines,True,Couple Leisure,Nov-18,Manila to Munich via Singapore,Business Class,5,4,3,4,4,9,yes,london heathrow singapore flown longhaul various airline year singapore airline asia opted use offer good value service booked direct airline cheaper aggregator site intended fly premium economy booking managed get business class outbound journey almost price experience excellent business class silverkris lounge lhr onboard service plane relatively new business class seat superbly comfortable afforded truly relaxing journey good range entertainment food drink used book cook choice extensive menu wifi also reasonable even 30mb allowance meagre near 125 hour flight overall service attentive without overbearing staff always smiling every request met reinforced view singapore airline offer best business class experience among top airline
22-11-2018,Singapore Airlines,True,Business,Nov-18,Auckland to Singaporec,Economy Class,5,5,5,4,5,10,yes,manila munich via singapore singapore airline always lived name quest excellence plane used singapore munich leg flight wider seat wider tv monitor wider aisle cabin crew service excellent attending need inflight entertainment movie choice compared last month used airline return flight india
20-11-2018,Singapore Airlines,False,Couple Leisure,Nov-18,Delhi to Manila via Singapore,Economy Class,4,4,3,5,1,1,no,disgusted flight auckland singapore found food inedible wine sauvignon dont like asked chardonnay got toilet dirty suit hanger boarding hung disembarked saw floor asked dumped floor instead hung response attitude second leg heathrow boarding dreading overnight flight use
17-11-2018,Singapore Airlines,False,Business,Oct-18,Singapore to Sydney,Economy Class,1,4,3,3,4,7,yes,delhi manila via singapore crew singapore manila leg flight sq918 stern mood serve flight still offered usual food hot towel atmosphere cold section plane
15-11-2018,Singapore Airlines,True,Business,Jul-18,Singapore to Manchester,Economy Class,4,3,5,4,2,6,yes,singapore sydney think singapore airline overall good airline think premium economy compared qantas ordinary curtain separating cabin welcome drink meal aluminium container difference economy better seat worth extra money special
01-11-2018,Singapore Airlines,True,Couple Leisure,Oct-18,Dubai to Singapore,Economy Class,4,4,3,5,5,10,yes,flew singapore manchester sunday 28th october honestly say best economy flight travelled comfortable seat tasty food snack exceptionally clean toilet great cabin crew
27-10-2018,Singapore Airlines,True,Family Leisure,Oct-18,Singapore to Delhi,Economy Class,5,5,5,5,1,2,no,dubai singapore flight delay missed connecting flight hong kong airline mistake booked next flight departing hong kong 5 hour staff singapore airport arrival much helpful gave sgd 15 meal voucher asked wait public waiting area
27-10-2018,Singapore Airlines,True,Solo Leisure,Nov-17,Hong Kong to Singapore,First Class,3,5,4,5,5,10,yes,singapore delhi november 2017 a380 bit old clean unlike first class seat board boeing 777300er suite offered far better privacy best part bed comfortable bed sky ive experienced service catering second none usual
26-10-2018,Singapore Airlines,True,Solo Leisure,Nov-17,Singapore to London Heathrow,First Class,4,3,5,5,5,10,yes,hong kong singapore everything flight top notch seat super wide comfortable service attentive sometimes felt like watched food delicious beautifully plated one minor complain booked airport transfer singapore airline car came early airline checkin counter hkg open less 2 hour departure leaving wandering around checkin area hour despite still think singapore airline deserves best world
26-10-2018,Singapore Airlines,True,Business,Oct-18,Mumbai to Sydney via Singapore,Economy Class,5,5,4,2,5,10,yes,singapore london heathrow good flight singapore airline half full aircraft allowed many economy two seat service quick efficient lunch dinner great quality water juice served constantly singapore set bar best economy anywhere offer pity app website standard 10 10 flight also ticket london cheap bought line agent
24-10-2018,Singapore Airlines,True,Couple Leisure,Dec-17,Cape Town to Brisbane via Singapore,Business Class,4,5,5,4,4,7,yes,mumbai sydney via singapore mumbai lounge 5 star ground staff poor language skill brand new a350 cabin staff great great food singapore lounge 5 star old a380 cabin staff great great food
15-10-2018,Singapore Airlines,True,Business,Oct-18,Hong Kong to London via Singapore,Business Class,4,4,5,5,4,9,yes,cape town brisbane via singapore first time singapore airline service outstanding cabin crew superb a350 wonderful airplane nearly silent wonderful food delicious especially given airline food cabin uncrowded well laid business class lavatory spacious clean well supplied surprised amenity kit pajama business class long flight crew automatically offer assist turning seat bed angle could lay flat slant foot go cabin music playing cloying saccharin unpleasant free wifi business class could get work sinbne leg one board could solve problem
11-10-2018,Singapore Airlines,True,Business,Sep-18,Singapore to Manchester,Economy Class,4,4,5,5,5,9,yes,hong kong london via singapore singapore airline best economy flight experience far arrived hong kong airport mentioned ground crew checkin concerned delay 3 hour layover london heathrow clear custom wait checked bag travel terminal 2 terminal 5 catch ba flight leeds called someone went ask superior ’ get answer phone see ’ possible check bag leeds knew ’ two airline belong different airline partnership one world ba star alliance sq came back hong kong week later asked ground crew checkin might row 3seaters available ground crew looked see two row blocked could released assigned aisle seat blocked middle seat said would best assign anyone window seat possible able lie london singapore served main meal told flight attendant wanted peppermint tea brought airline flown never peppermint tea said bring cup also gave bag layover singapore airport sq comfortable pillow economy class experience blanket twice size thicker united economy passenger also got amenity kit sock toothbrush toothpaste footpaddle open trash bin restroom got singapore asked gate might 3seater available flight hong kong assigned 2seater window
10-10-2018,Singapore Airlines,True,Couple Leisure,Oct-18,Singapore to Stockholm via Moscow,Economy Class,4,4,3,5,5,10,yes,singapore manchester return flight even better outgoing one really comfortable seat got nearly 8 hour sleep 135hr flight entertainment top notch food service great airline hope fly
10-10-2018,Singapore Airlines,True,Couple Leisure,May-18,Delhi to Singapore,Economy Class,4,5,1,3,5,10,yes,singapore stockholm via moscow fantastic experience good service hospitality accorded nice leg room array entertainment option transit wellhandled despite short rest moscow airport less 1 hour plane cleaned next leg moscow stockholm seems like taking new plane staff attentive helpful
07-10-2018,Singapore Airlines,False,Business,Oct-18,Manila to Bangalore via Singapore,Economy Class,4,2,4,5,5,9,yes,delhi singapore second time flew a380 ambiance inside plane spacious great service exceptional thing bothered particular flight lacked international food serve served indian food ’ used another hitch online checkin able choose seat wanted automatically chosen put exit row hassle tv monitor tray table set take thank
05-10-2018,Singapore Airlines,True,Business,Sep-18,Perth to Hong Kong via Singapore,Economy Class,2,5,5,4,5,9,yes,manila bangalore via singapore usual exceptional service crew comfortable flight flight attendant always attending request hitch sound assigned seat first leg flight work properly
04-10-2018,Singapore Airlines,True,Family Leisure,Sep-18,Jakarta to Singapore,Economy Class,5,5,5,3,5,10,yes,completed trip perth singapore hong kong singapore airline would like say pleasure service faultless particular thanks crew singapore hong kong flight 20th september 1pm cabin crew amazing recovering property left previous aircraft managed deliver seat take meal lovely cabin crew fantastic child thank amazing flight service definitely fly
04-10-2018,Singapore Airlines,True,Solo Leisure,Sep-18,Singapore to Perth,Economy Class,3,5,2,4,5,9,yes,hurdle still pleasant journey flew jakarta singapore early morning despite problem overall journey appreciate wanted serve best service give first could use selfservice checkin kios due single name gate agent available moment might started work yet didnt wait long started work secondly limited choice meal seated back plane therefore became last person served flight due limited inflight meal chicken left fish less like one cabin crew apologized tried persuade accept meal appreciate another cabin crew tried find meal option including business class
04-10-2018,Singapore Airlines,True,Family Leisure,Oct-18,Frankfurt to New York,Economy Class,4,5,4,4,5,10,yes,singapore perth beautiful plane comfortable seat require full recline comfortable economy good legroom entertainment system touch screen 100 movie large selection tv music plane multiple charging dock one usb one standard per seat food great vegan meal simple fried rice tasty satisfying son served formal meal service child served first call service attended quickly wifi available flight try fantastic airline
02-10-2018,Singapore Airlines,True,Business,Oct-18,Singapore to Hong Kong,Economy Class,2,5,4,4,3,3,no,frankfurt new york original flight jfk frankfurt 21 aug return flight 2 oct fraught problem booking end upgrade struggle get processed seat selection hard customer service difficult contact phone largely unable provide answer help several email gone unanswered never worse experience airline
02-10-2018,Singapore Airlines,True,Couple Leisure,Oct-18,Denpasar to Singapore,Economy Class,4,5,2,5,5,10,yes,even smaller aircraft like a330 seat decently spaced economy cabin crew service put airline shame hainan chicken rice one best tasting one ive magnum ice cream even though ife newer aircraft like a350s better older aircraft a330 wasnt bad cabin crew helped hang jacketsgarment bag hot towel snack drink top meal metal crockery ive chance fly economy a380 b777300er b777200er b772 older plane ife could use upgrade new retrofitted a380 tends slightly smaller legroom rest 773s a350s super comfortable sq still world class airline
01-10-2018,Singapore Airlines,True,Business,Sep-18,Melbourne to Tokyo via Singapore,Business Class,4,4,5,4,5,10,yes,amazing flight charming service four flight attendant u 20 people business class always present friendly every time smile face fulfilled wish immediately everything fine champagne entering aircraft excellent dinner lovely red wine singapore sling served shortly landing time would like use service
29-09-2018,Singapore Airlines,True,Couple Leisure,Apr-18,Perth to Singapore,Economy Class,3,3,4,5,4,10,yes,melbourne tokyo via singapore used airline quite time never disappointed u booking convenient alwaysthe ground service good requested u whether would like voluntarily self check took time thoughthe seat comfortable usual entertainment good food beverage excellent really like cocktail singapore sling cabin staff good
28-09-2018,Singapore Airlines,True,Family Leisure,Sep-18,Singapore to Frankfurt,Economy Class,4,4,4,5,4,9,yes,perth singapore older plane comfortable seat decent recline leg room although probably assisted companion sharing 3 seat vegan meal nicely crumbed eggplant tomato string bean companion decent beef rendang meal tasty salty entertainment variety good krisshop good range product service fantastic favorite airline
27-09-2018,Singapore Airlines,True,Family Leisure,Jul-18,London to Manila via Singapore,Economy Class,5,5,3,5,1,1,no,singapore frankfurt frequent flyer singapore airline redeeming mile booked ticket sia directly received eticket confirmation reached airport family told child ticket 3 month issued didnt knew ask pay full price one way ticket 800 instead 102 supposed cost sent letter trip ask explanation reimbursement replied 15 month said made mistake code share partner apologised didnt reimburse difference suppose pay paid without choice airport short made mistake dont take responsibility stopped using airline addition even together first row bassinet despite available seat
26-09-2018,Singapore Airlines,True,Solo Leisure,Apr-18,Singapore to Hong Kong,Economy Class,5,5,3,4,4,8,yes,flew singapore airline return london manila via singapore going manila plane let tv working properly nearly lost temper call staff 3 time fix fairness accommodating wait however airline going back uk good noticed singapore airline flight going manila low qualitysubstandardold plane whereas going back uk excellent one
25-09-2018,Singapore Airlines,True,Couple Leisure,Sep-18,Manchester to Singapore,Economy Class,4,5,5,4,1,1,no,could fault airline cancelled flight singapore hong kong 16th september 2018 due pending typhoon affecting hong kong refund forthcoming small discount offered another flight future time possible u pre booked hotel hong kong reimbursing u full amount less small administration fee cant large airline
24-09-2018,Singapore Airlines,True,Couple Leisure,Sep-18,Perth to Singapore,Economy Class,5,1,4,5,5,10,yes,manchester singapore great flight bearing mind 13 hour flight never felt like staff great food entertainment really good meal staff would come round drink get ever snack want inflight entertainment amazing much choice economy never felt good
